{"cameraMode":{"drawMode":0,"name":"Shaded","section":"Shading Mode"},"sceneLighting":true,"audioPlay":false,"sceneViewState":{"showFog":true,"showMaterialUpdate":false,"showSkybox":true,"showFlares":true,"showImageEffects":true,"showParticleSystems":true},"in2DMode":false,"pivot":{"x":0.5720285773277283,"y":1.280297040939331,"z":-2.090435028076172},"rotation":{"x":-0.0007251171628013253,"y":0.9991016387939453,"z":0.019175123423337938,"w":0.03778474032878876},"size":9.873764038085938,"orthographic":false}